,PLOT_ID,REBURN,reb,reburn,EAST.WEST,needle,prop_Kba,prop_Kstem,prop_meanbolescorch,prop_meancharht,prop_surfcharmean,meandeepchar,PlotCBI_mean,prop_lccloss,RDNBR_SINGLE,RBR,DNBR,RDNBR
28,JOLL1,NO,0,non reburn,E,5.6,1,1,0.99,0.53,0.45,0.5,2.138,1,795.7,380.6,590.8,690.5308929
29,JOLL2,NO,0,non reburn,E,2.38,0.085886881,0.333333333,0.92,0.35,0.21,0.07,1.202,0.437591598,116.6,53.3,77,124.8582651
30,JOLL3,NO,0,non reburn,E,2.85,0.238324022,0.796296296,0.84,0.26,0.31,0.05,1.643,0.49628474,270,130.2,206.3,228.063899
31,JOLL4,NO,0,non reburn,E,1.75,0.217024782,0.65217391,0.77,0.16,0.18,0,1.705,0,171.1,84.6,148.4,218.7125872
32,JOLL5,NO,0,non reburn,E,5.4,1,1,1,0.66,0.53,0,2.589,1,707.8,344.2,560.9,870.6567917
33,JOLL6,NO,0,non reburn,E,5.55,1,1,0.89,0.36,0.42,0,2.533333333,1,1048,517.9,903.2,947.9860869
34,JOLL7,NO,0,non reburn,E,5.95,1,1,0.97,0.62,0.46,0,2.71875,0.946207988,754.8,370.7,626,894.8882595
35,JOLL8,NO,0,non reburn,E,6,1,1,1,0.74,0.83,0.1,2.88,1,1143,556.7,912.4,957.5154773
36,JOLL9,NO,0,non reburn,E,4.6,1,1,1,0.66,0.51,0,2.732,1,766.8,366.1,567.3,885.9037206
37,JOLLUNB1,NO,0,non reburn,E,0,0,0,0,0,0,0,0,0,-99.6,-46,-66.7,-90.55745367
38,JOLLUNB2,NO,0,non reburn,E,0,0,0,0,0,0,0,0,0,-71.9,-31.9,-43.9,-75.6216338
39,JOLLUNB3,NO,0,non reburn,E,0,0,0,0,0,0,0,0,0,32,15.8,27.7,-4.462774393
40,JONE1,NO,0,non reburn,W,6,1,1,0.93,0.1,0.16,0,2.112,1,514.2,252.8,429.4,636.9255723
41,JONE10,NO,0,non reburn,W,6,1,1,1,0.86,0.13,0,2.887,1,1103.7,546.4,963,1127.696854
42,JONE11,NO,0,non reburn,W,2.44,0.19492372,0.47826087,0.94,0.51,0.14,1.06,2.091,0.16529183,234.3,115.4,197.7,195.9133092
43,JONE2,NO,0,non reburn,W,0.55,0.359159699,0.75,0.9,0.16,0.15,0.06,1.65625,0.273782003,250.3,123.9,217.4,138.1291868
44,JONE3,NO,0,non reburn,W,6,1,1,1,1,0.27,0.06,2.614,1,835.8,412.8,716.9,853.1989014
45,JONE4,NO,0,non reburn,W,5.14,0.815691846,0.88235294,0.91,0.17,0.08,0.07,2.323,0.738082816,567.2,278.1,466.4,452.2464606
46,JONE5,NO,0,non reburn,W,2.33,0.096863587,0.48,0.87,0.14,0.26,0.22,1.692,0,43.5,21.5,37.5,46.23579625
47,JONE6,NO,0,non reburn,W,0.55,0.195018822,0.65957447,0.95,0.07,0.14,0,1.4375,0,87.2,43.4,79.8,137.7966351
48,JONE7,NO,0,non reburn,W,2.21,0.174201471,0.54545455,0.99,0.05,0.26,0,1.527,0,115.8,57.2,99.6,98.84031125
49,JONE8,NO,0,non reburn,W,5.95,1,1,1,0.63,0.14,0.05,2.427,1,927.3,457.4,788.7,899.4502546
50,JONE9,NO,0,non reburn,W,6,0.998719758,0.96428571,1,0.11,0.23,0,2.264,0.760584196,458.3,226.7,397,432.2768619
63,JONEUNB2,NO,0,non reburn,W,0,0,0,0,0,0,0,0,0,2.3,1.1,2,12.03664134
64,JONEUNB3,NO,0,non reburn,W,0,0,0,0,0,0,0,0,0,-17.1,-8.5,-15.2,-3.305236219
65,JONEUNB4,NO,0,non reburn,W,0,0,0,0,0,0,0,0,0,-46.7,-23.1,-40.6,-42.83480617
66,JONEUNB5,NO,0,non reburn,W,0,0,0,0,0,0,0,0,0,-34.3,-16.9,-29.8,-46.5511197
67,JONEUNB6,NO,0,non reburn,W,0,0,0,0,0,0,0,0,0,-8.8,-4.4,-7.8,4.829888561
68,LIBE1,NO,0,non reburn,E,6,1,1,1,1,0.85,0,2.91,1,1184.1,487.6,630.1,1155.680145
73,LIBEREB5,No,0,non reburn,E,6.32,1,1,1,1,0.9,0.47,2.973,1,1218.3,557.6,802.5,1111.310752
75,LIBEUNB1,NO,0,non reburn,E,0,0,0,0,0,0,0,0,0,36.5,17.1,25.5,-0.567662899
76,LIBEUNB2,NO,0,non reburn,E,0,0,0,0,0,0,0,0,0,-5.8,-2.1,-1.6,21.48621698
77,LOLO1,NO,0,non reburn,E,6.05,1,1,1,1,0.81,0.05,2.826,1,1291.1,617.6,958.8,1188.362838
78,LOLO10,NO,0,non reburn,E,4.9,1,1,1,0.24,0.26,0.15,2.152,0.931925474,694,326.7,490,506.7183141
79,LOLO11,NO,0,non reburn,E,6,1,1,1,0.99,0.39,0.15,2.679,1,1328.2,628.3,952.2,976.4084997
80,LOLO12,NO,0,non reburn,E,5.95,1,1,0.86,0.51,0.28,0.3,2.275,0.976045935,859.8,398.5,581.5,398.658277
81,LOLO13,NO,0,non reburn,E,4.8,0.97397698,0.97777778,0.98,0.35,0.15,0.15,2.291,0.967453568,807.6,376.3,556.2,657.7831804
82,LOLO14,NO,0,non reburn,E,0,0.168388122,0.38596491,0.55,0.02,0.25,0,1.02125,0,580.6,274.7,416.3,298.2403989
83,LOLO15,NO,0,non reburn,E,6.05,1,1,1,1,0.9,0.2,2.965,1,1451.8,699.4,1106.3,1197.340411
84,LOLO2,NO,0,non reburn,E,5.95,1,1,1,0.95,0.4,0.85,2.852,1,1343.2,647.4,1025.2,1125.594434
85,LOLO3,NO,0,non reburn,E,4.5,0.95691268,0.89130435,0.91,0.31,0.14,0,1.70375,0.994678064,929.5,438.1,658.2,591.2963462
86,LOLO4,NO,0,non reburn,E,4.45,0.655758324,0.75471698,0.78,0.16,0.24,0.1,1.839,0.692357309,821.2,390,596,664.414183
87,LOLO5,NO,0,non reburn,E,6,1,1,1,0.76,0.85,0.05,2.951,1,1289.3,616.7,957.5,1156.191764
88,LOLO6,NO,0,non reburn,E,5.15,1,1,1,0.52,0.16,0.3,2.705,1,903.5,434.1,682.9,664.9837592
89,LOLO7,NO,0,non reburn,E,5.2,1,1,1,0.54,0.25,0.1,2.683,1,719.7,347.1,550.5,583.1019892
90,LOLO8,NO,0,non reburn,E,1.9,0.344072855,0.48,0.98,0.51,0.14,0,1.609,0.297191323,376.9,181.5,287.3,230.9893052
91,LOLO9,NO,0,non reburn,E,1.55,0.264825035,0.57333333,0.99,0.22,0.09,0,1.493333333,0.279002143,696.3,338.2,548.3,300.2891918
92,LOLOUNB1,NO,0,non reburn,E,0,0,0,0,0,0,0,0,0,166.6,78.6,118.3,-66.82170585
93,LOLOUNB2,NO,0,non reburn,E,0,0,0,0,0,0,0,0,0,180.2,86.3,134.6,7.12399182
94,LOLOUNB3,NO,0,non reburn,E,0,0,0,0,0,0,0,0,0,162.7,78.9,127.2,-14.4079472
95,LOLOUNB4,NO,0,non reburn,E,0,0,0,0,0,0,0,0,0,190.4,90.5,138.6,-37.58030501
96,LOLOUNB5,NO,0,non reburn,E,0,0,0,0,0,0,0,0,0,171.2,79.9,117.8,-60.40641996
97,LOLOUNB6,NO,0,non reburn,E,0,0,0,0,0,0,0,0,0,171.5,79.7,116.9,-73.88793038
108,MEYEREB1,NO,0,non reburn,E,6.25,1,1,1,1,0.62,0.15,2.712,1,1136.4,500.4,680.5,1134.314096
109,MEYEREB10,NO,0,non reburn,E,6.21,1,1,1,1,0.72,0.11,2.887,1,856.4,401.7,599.1,798.380702
110,MEYEREB11,NO,0,non reburn,E,0.4,0.103198944,0.40425532,0.7,0.06,0.23,0,1.099,0.326759074,621.5,293.4,442.4,595.4684414
111,MEYEREB12,NO,0,non reburn,E,6,1,1,1,1,0.86,0,2.8325,1,1207.1,543.5,761.6,1012.491748
112,MEYEREB13,NO,0,non reburn,E,6.25,1,1,1,1,0.85,0.75,2.81,1,1263.8,600.3,917.3,1177.087357
113,MEYEREB14,NO,0,non reburn,E,6,1,1,1,1,0.93,0.05,2.752,1,1269.9,585.2,844.8,1251.605412
114,MEYEREB15,NO,0,non reburn,E,4.95,1,1,1,0.65,0.49,0.2,2.571,1,1031.5,477.2,693.2,914.1880983
115,MEYEREB16,NO,0,non reburn,E,1.81,0.704428856,0.42857143,0.6,0.11,0.31,0,1.495,0.736909704,378.2,179.9,276.4,298.2779157
116,MEYEREB17,NO,0,non reburn,E,4,0.711973376,0.8245614,0.6,0.11,0.34,0,1.324,0.887267348,1002.9,486.7,786.6,956.3552963
117,MEYEREB18,NO,0,non reburn,E,5.85,1,1,1,0.9,0.8,0,2.783,1,1187.4,530.2,732.3,1085.797547
118,MEYEREB2,NO,0,non reburn,E,6,1,1,1,1,0.7,0,2.719,1,1118.7,540.4,861.1,927.1364564
119,MEYEREB3,NO,0,non reburn,E,0.2,0.172372503,0.33333333,0.35,0.05,0.06,0,0.837,0,102.1,45.1,61.8,161.6465896
120,MEYEREB4,NO,0,non reburn,E,5.3,1,1,0.99,0.34,0.22,0.15,2.358,0.987969061,605,279.1,404.1,566.302904
121,MEYEREB5,NO,0,non reburn,E,4.55,1,1,0.84,0.31,0.35,0,2.319,1,912.5,400,541,849.6782316
122,MEYEREB6,NO,0,non reburn,E,5.95,1,1,1,0.98,0.8,0.15,2.811,1,1126.4,512.039602,723.832,1074.9
123,MEYEREB7,NO,0,non reburn,E,4.45,1,1,0.92,0.19,0.23,0.2,2.125,1,719.2,304.2,397.7,709.4973182
124,MEYEREB8,NO,0,non reburn,E,0.4,0.178884469,0.5,0.69,0.04,0.06,0,0.861,0.097963905,-503.3,-168,-193,73.13735412
125,MEYEREB9,NO,0,non reburn,E,6,1,1,1,1,0.74,0,2.801,1,1048.5,503.6,791.1,975.7185803
126,MEYEREBUNB1,NO,0,non reburn,E,0,0,0,0,0,0,0,0,0,14,6.6,10.1,12.03384656
127,MEYEREBUNB2,NO,0,non reburn,E,0,0,0,0,0,0,0,0,0,-17.9,-8.5,-12.8,9.025682883
128,MEYEREBUNB3,NO,0,non reburn,E,0,0,0,0,0,0,0,0,0,-294.8,-127.9,-171.2,37.31442124
129,MEYEREBUNB4,NO,0,non reburn,E,0,0,0,0,0,0,0,0,0,335.5,159.7,244.9,103.5486821
130,MEYEREBUNB5,NO,0,non reburn,E,0,0,0,0,0,0,0,0,0,-136.3,-61.9,-87.5,-32.70063097
131,MEYERUNB1,NO,0,non reburn,E,0,0,0,0,0,0,0,0,0,-28.5,-11.9,-15.5,-19.38238527
132,MILL1,NO,0,non reburn,E,6,1,1,1,0.76,0.96,0.1,3,1,1160.1,543.7,813.4,1183.08429
133,MILL10,NO,0,non reburn,E,6.05,1,1,1,0.83,0.95,0.2,2.975,1,831.5,398.6,622.4,840.1333277
134,MILL11,NO,0,non reburn,E,5.35,0.598765908,0.98924731,1,0.64,0.4,0,2.433,0.970015085,815,386.7,590.4,817.0226409
135,MILL12,NO,0,non reburn,E,5.94,1,1,1,0.82,0.52,0,2.79625,1,767.1,335,457.1,777.0694816
136,MILL13,NO,0,non reburn,E,5.85,1,1,1,0.73,0.27,0.15,2.754,1,887.9,424.2,656.9,851.005428
137,MILL14,NO,0,non reburn,E,2.55,0.560913918,0.90361446,1,0.21,0.06,0.25,2.157,0.865155837,494.3,232.8,349.6,428.6883299
138,MILL15,NO,0,non reburn,E,1.8,0.3373012,0.36363636,0.99,0.25,0.13,0,1.1575,0.416635136,358.7,161.2,224.9,282.4588106
139,MILL16,NO,0,non reburn,E,4.15,0.673865974,0.91836735,1,0.6,0.09,0,2.301,0.759837852,545.2,250.7,360.7,513.7054042
140,MILL17,NO,0,non reburn,E,5.55,1,1,1,0.64,0.41,0,2.84125,0.955000563,525.2,244.9,361.2,536.240076
141,MILL18,NO,0,non reburn,E,5.15,1,1,1,0.7,0.23,0,2.653,1,813.8,399,669.6,777.0313166
142,MILL19,NO,0,non reburn,E,5.35,1,1,1,0.82,0.3,0.05,2.57,1,852.6,416.5,689.5,812.9865225
143,MILL2,NO,0,non reburn,E,5.95,1,1,0.92,0.7,0.8,0.05,2.581,1,979.3,460.3,689.6,1040.691485
144,MILL20,NO,0,non reburn,E,6.3,1,1,1,0.67,0.64,0.45,2.93125,1,774.8,374.4,613.2,831.9018583
145,MILL21,NO,0,non reburn,E,5.5,1,1,1,0.78,0.24,0.06,2.657,1,779.1,368.6,561.3,734.8022275
146,MILL22,NO,0,non reburn,E,0.7,0.052924033,0.41237113,0.96,0.05,0.12,0,1.15625,0.064950057,168.2,80.8,127.1,110.5201584
147,MILL23,NO,0,non reburn,E,2.42,0.000134395,0.36842105,0.98,0.32,0.2,0,1.50875,0.447463018,-47,16.5,24.3,206.915656
148,MILL24,NO,0,non reburn,E,2.3,0.039215516,0.61538462,0.95,0.12,0.09,0,1.54,0.223403486,436.9,202.5,294.9,353.3001013
149,MILL25,NO,0,non reburn,E,2.95,0.085301089,0.57142857,0.98,0.26,0.03,0,1.7825,0.269082876,386,174.5,245.6,388.0457479
150,MILL26,NO,0,non reburn,E,5.5,1,1,1,0.84,0.25,0,2.5875,0.988728549,594.2,263.8,362.4,612.8757516
151,MILL27,NO,0,non reburn,E,1.85,0.057091827,0.63265306,0.88,0.12,0.04,0,1.704,0.092627109,144.5,67,98.3,149.6031001
152,MILL28,NO,0,non reburn,E,3.1,0.160637396,0.59183673,1,0.52,0.01,0,2.261,0.295889075,491.3,231.1,345.9,479.8309516
153,MILL29,NO,0,non reburn,E,2.65,0.062994984,0.88172043,1,0.21,0.01,0,1.90625,0.357734099,463.8,225.1,364.1,407.8437431
154,MILL3,NO,0,non reburn,E,3.15,0.652499416,0.81632653,0.87,0.23,0.1,0,1.356,0.662391107,520.6,229.9,314.8,531.5088256
155,MILL30,NO,0,non reburn,E,6.4,1,1,1,1,0.97,0.5,3,1,1050.5,493.7,737.9,1033.941788
156,MILL31,NO,0,non reburn,E,6.24,1,1,1,1,0.95,0.94,2.982,1,811.7,319.9,396.9,725.4944326
157,MILL32,NO,0,non reburn,E,6.72,1,1,1,1,0.91,0.61,2.995,1,917.7,403.4,548,913.5742688
158,MILL33,NO,0,non reburn,E,6.15,1,1,1,0.93,0.96,0.45,3,1,829.9,357.6,475.6,800.3821304
159,MILL34,NO,0,non reburn,E,6.1,1,1,1,0.84,0.78,0,3,1,867.6,401,582.3,883.4446973
160,MILL35,NO,0,non reburn,E,5.75,1,1,0.99,0.73,0.5,0.4,2.54375,1,730.6,345.3,522.4,855.7913596
161,MILL36,NO,0,non reburn,E,5.65,1,1,1,0.6,0.78,0.45,2.8,1,745.3,339.3,482.1,717.2763913
162,MILL4,NO,0,non reburn,E,3.75,0.509902581,0.80645161,0.86,0.13,0.13,0,1.419,0.773088436,560,254.6,361.6,612.3780419
163,MILL5,NO,0,non reburn,E,5.6,1,1,1,0.58,0.27,0.3,2.688,1,1098.2,537.5,896.5,1054.399873
164,MILL6,NO,0,non reburn,E,6,1,1,1,0.83,0.93,0.55,2.975,1,1043.7,503.4,799.2,1008.828595
165,MILL7,NO,0,non reburn,E,6.4,1,1,1,0.96,0.99,0.2,3,1,813,375.3,543.7,748.6316629
166,MILL8,NO,0,non reburn,E,6.05,1,1,1,0.83,0.23,0.7,2.868,1,935.5,437.2,647.4,946.0148318
167,MILL9,NO,0,non reburn,E,6,1,1,1,0.85,0.91,0.15,2.841,1,1039.1,508.5,848.2,993.2066492
189,MILLUNB1,NO,0,non reburn,E,0,0,0,0,0,0,0,0,0,462.8,223.2,354.8,147.9024063
190,MILLUNB2,NO,0,non reburn,E,0,0,0,0,0,0,0,0,0,-39.7,-18.1,-25.6,-53.04852587
191,MILLUNB3,NO,0,non reburn,E,0,0,0,0,0,0,0,0,0,0.9,0.4,0.6,-47.53848763
193,MILLUNB6,NO,0,non reburn,E,0,0,0,0,0,0,0,0,0,-63,-28.4,-39.7,-86.50721064
194,MILLUNB7,NO,0,non reburn,E,0,0,0,0,0,0,0,0,0,-30.5,-13.6,-18.6,-74.63572023
195,MILLUNB8,NO,0,non reburn,E,0,0,0,0,0,0,0,0,0,2.8,2.8,4.7,-66.00023839
196,MILLUNB9,NO,0,non reburn,E,0,0,0,0,0,0,0,0,0,1.9,1.2,2.3,-50.10471826
197,NORS1,NO,0,non reburn,W,0,0.234545506,0.64935065,0.94,0.08,0.13,0.15,1.513,0,84.3,39.3,57.7,76.93481162
198,NORS10,NO,0,non reburn,W,5.55,1,1,1,0.82,0.49,0.45,2.444,0.967040234,900.3,393.7,530.7,823.9915223
199,NORS11,NO,0,non reburn,W,3.41,0.659071146,0.91044776,1,0.2,0.5,0.15,1.482,0.436629209,847.3,367.7,491.7,648.6579261
200,NORS12,NO,0,non reburn,W,6,1,1,1,0.86,0.84,0.1,2.867,1,1674.8,724.8,966.6,1236.369576
201,NORS13,NO,0,non reburn,W,4.63,0.959144764,0.99173554,0.92,0.09,0.24,0.25,2.1705,0.983718858,866,377.9,508.3,758.5921266
202,NORS14,NO,0,non reburn,W,5.1,1,1,1,0.58,0.63,0,2.06875,1,726,315.3,422.1,526.5064694
203,NORS15,NO,0,non reburn,W,0.39,0.044752559,0.57894737,0.9,0.02,0.23,0,1.494,0.101157325,-153.8,-66.5,-88.6,108.9684357
204,NORS16,NO,0,non reburn,W,5.9,1,1,1,0.76,0.58,0.15,2.659,1,1463.9,646.5,880.9,1117.427192
206,NORS18,NO,0,non reburn,W,5.95,1,1,1,1,0.98,0,2.984,1,1516.6,721.7,1104.8,1221.662123
208,NORS2,NO,0,non reburn,W,6,1,1,1,0.98,0.99,0,2.987,1,267.8,127.7,196.5,237.3998718
213,NORS24,NO,0,non reburn,W,6,1,1,1,1,0.99,0,2.992,1,1280.6,607.4,923.1,1148.907824
214,NORS3,NO,0,non reburn,W,0,0.153534027,0.4,0.85,0.05,0.16,0.05,0.917,0,160.2,77,120.7,99.52990411
215,NORS4,NO,0,non reburn,W,5.85,1,1,1,0.51,0.34,0,2.72625,1,1301.9,622.4,963.3,1192.510045
216,NORS5,NO,0,non reburn,W,5.95,1,1,1,0.87,0.85,0,2.923,1,1300.7,623.8,973.3,1063.838169
217,NORS6,NO,0,non reburn,W,6,1,1,1,0.43,0.67,0,2.709,1,1178.5,566.3,887.6,1137.820508
218,NORS7,NO,0,non reburn,W,2.75,0.349356505,0.58823529,0.96,0.15,0.07,0,1.893,0.342502511,615.4,293.1,449.4,468.1811842
219,NORS8,NO,0,non reburn,W,6,1,1,1,0.77,0.64,0.1,2.678,1,1380.9,659.9,1020.4,1180.0929
220,NORS9,NO,0,non reburn,W,0.85,0.132882294,0.36170213,1,0.38,0.16,0,2.1025,0.002393577,21.7,9.7,13.4,290.8416378
221,NORSUNB1,NO,0,non reburn,W,0,0,0,0,0,0,0,0,0,-110.2,-52.2,-79.3,-35.34959139
222,NORSUNB10,NO,0,non reburn,W,0,0,0,0,0,0,0,0,0,-168.6,-77,-109.8,-17.92563833
223,NORSUNB11,NO,0,non reburn,W,0,0,0,0,0,0,0,0,0,-293.3,-131.9,-183.8,-57.35376032
224,NORSUNB2,NO,0,non reburn,W,0,0,0,0,0,0,0,0,0,-228.4,-101.6,-139.7,-15.16318055
225,NORSUNB3,NO,0,non reburn,W,0,0,0,0,0,0,0,0,0,-183.9,-85.6,-125.6,-9.530456889
226,NORSUNB4,NO,0,non reburn,W,0,0,0,0,0,0,0,0,0,-190.4,-87.5,-125.7,-26.98239435
227,NORSUNB5,NO,0,non reburn,W,0,0,0,0,0,0,0,0,0,-173.3,-79.6,-114.2,-42.88801211
228,NORSUNB6,NO,0,non reburn,W,0,0,0,0,0,0,0,0,0,-309.2,-137.1,-187.7,-37.43445949
229,NORSUNB7,NO,0,non reburn,W,0,0,0,0,0,0,0,0,0,-140.8,-65.3,-95.4,-19.94128125
230,NORSUNB8,NO,0,non reburn,W,0,0,0,0,0,0,0,0,0,-219.6,-103.3,-154.3,-42.06253178
231,NORSUNB9,NO,0,non reburn,E,0,0,0,0,0,0,0,0,0,-88.2,-41.1,-60.6,4.362993586
232,PION1,NO,0,non reburn,E,1.68,0.24284202,0.37037037,0.59,0.05,0.2,0.15,1,0.283213929,425.2,176.7,227.4,519.2919693
233,PION10,NO,0,non reburn,E,1.53,0.028831028,0.33333333,0.77,0.08,0.27,0.06,1.3,0.099259824,208.8,92.9,127.9,288.9314474
234,PION11,NO,0,non reburn,E,5.3,1,1,1,0.46,0.61,0,2.6,0.994241934,728.5,289.7,362,1084.311084
235,PION2,NO,0,non reburn,E,5.7,1,1,0.98,0.42,0.3,0.3,2.1,1,664.6,263.3,330.4,886.5630108
236,PION3,NO,0,non reburn,E,6.35,1,1,1,0.99,0.77,1,2.8,1,1027.4,450.4,611,1160.88393
237,PION4,NO,0,non reburn,E,4.44,0.257268239,0.66666667,0.98,0.56,0.17,0,1.7,0.892608398,247.9,89.8,107.2,554.8615049
238,PION5,NO,0,non reburn,E,5.2,1,1,0.76,0.31,0.29,0.25,2,0.968621908,305.3,133.9,181.5,211.550261
239,PION6,NO,0,non reburn,E,0.32,0.013689694,0.13043478,0.61,0.03,0.19,0,1,0,154.2,63.9,82.3,345.5200708
240,PION7,NO,0,non reburn,E,3.8,0.546289364,0.86666667,0.9,0.39,0.23,0,1.9,0.620132198,326.1,144.1,196.9,223.0625487
241,PION8,NO,0,non reburn,E,6,1,1,1,0.93,0.59,0.18,2.9,0.979771593,236.1,102.8,138.5,520.194753
244,PIONUNB1,NO,0,non reburn,E,0,0,0,0,0,0,0,0,0,-337.7,-132.2,-163.4,-22.03600793
245,PIONUNB2,NO,0,non reburn,E,0,0,0,0,0,0,0,0,0,-179.1,-76.9,-102.5,-61.06855044
246,PIONUNB3,NO,0,non reburn,E,0,0,0,0,0,0,0,0,0,-153.8,-71.5,-104.9,-34.70202361
247,RAIL1,NO,0,non reburn,E,3.45,0.067759831,0.33333333,0.87,0.38,0.11,0,1.6,0.647799935,281.5,98.9,115.7,285.8552724
248,RAIL10,NO,0,non reburn,E,5.55,1,1,1,0.37,0.24,0.2,2.2,0.964503675,828.7,375,527.8,728.5360619
249,RAIL11,NO,0,non reburn,E,1.5,0.003004764,0.14285714,0.84,0.09,0.22,0,1.1,0,131.4,58.9,82,34.99583341
250,RAIL12,NO,0,non reburn,E,6.1,1,1,1,0.91,0.93,0.2,2.9,1,1359,663.8,1096.8,1246.868382
251,RAIL2,NO,0,non reburn,E,6.38,1,1,1,1,0.28,0.69,2.6,0.990951337,888.9,358,452.4,691.8136947
252,RAIL3,NO,0,non reburn,E,6.05,1,1,1,0.99,0.2,0.1,2.8,1,1247.7,591,897.4,1174.77954
253,RAIL4,NO,0,non reburn,E,5.25,1,1,0.99,0.68,0.14,0.05,2.2,1,1150,560.4,918.1,986.9552269
254,RAIL5,NO,0,non reburn,E,0.5,0.072244876,0.56521739,0.52,0.07,0.15,0.15,1.2,0,250.5,116.1,169.5,150.1726054
255,RAIL6,NO,0,non reburn,E,1.45,0.058653376,0.44444444,0.65,0.11,0.19,0.05,1.3,0,230,106,153.3,93.34773928
256,RAIL7,NO,0,non reburn,E,6,1,1,1,1,0.3,0,2.8,1,1181.7,536.6,760.2,1077.804272
257,RAIL8,NO,0,non reburn,E,4.95,1,1,1,0.66,0.23,0,2.1,0.996306597,878.4,366.8,475,805.2582761
265,RAILREBUNB2,NO,0,SR,E,0,0,0,0,0,0,0,0,0,112.5,33.8,37.6,-71.71192729
268,RAILUNB3,NO,0,non reburn,E,0,0,0,0,0,0,0,0,0,59.3,26.1,35.4,-45.29445406
269,RAILUNB4,NO,0,non reburn,E,0,0,0,0,0,0,0,0,0,82.2,34.6,45.4,-3.838519755
270,REBE1,NO,0,non reburn,W,0,0.000522535,0.28846154,0.87,0.03,0.07,0,0.772,0,30.1,14.9,26.9,2.079465052
271,REBE2,NO,0,non reburn,W,0,0.019001238,0.57971014,0.69,0.11,0.1,0,1.168,0,100.4,49.7,87.5,19.94196681
272,REBE3,NO,0,non reburn,W,0.84,0.098859665,0.70454545,0.81,0.03,0.08,0.05,1.189,0,28.2,14,25,24.73173855
273,REBE4,NO,0,non reburn,W,0,0.062168655,0.36842105,1,0.04,0.14,0,1.28,0.027989551,99.2,49,84.8,64.06356699
274,REBE5,NO,0,non reburn,W,0.7,0.00272477,0.25,0.73,0.03,0.08,0,0.894,0,0.7,0.4,0.6,-11.67743541
275,REBEUNB1,NO,0,non reburn,W,0,0,0,0,0,0,0,0,0,-22.1,-11,-19.8,-19.88711557
276,REBEUNB2,NO,0,non reburn,W,0,0,0,0,0,0,0,0,0,-13.6,-6.8,-12.3,-4.880917271
277,REBEUNB3,NO,0,non reburn,W,0,0,0,0,0,0,0,0,0,-22,-10.9,-19.5,-20.30169129
279,RICE10,NO,0,non reburn,E,2.35,0.326796715,0.52941176,0.93,0.18,0.09,0,1.049,0.053528869,137.7,60.9,83.1,146.4939437
280,RICE11,NO,0,non reburn,E,2,0.225435955,0.61538462,0.84,0.23,0.15,0,1.2525,0.579703113,283.3,125.5,171.7,239.4031432
281,RICE12,NO,0,non reburn,E,6,1,1,1,0.95,0.24,0,2.874,0.738459074,615.4,291.5,442.9,683.641878
282,RICE13,NO,0,non reburn,E,4.05,1,1,0.63,0.14,0.19,0,1.066666667,1,365.6,136.4,164,396.1398796
283,RICE14,NO,0,non reburn,E,0.37,0.000699947,0.04761905,0.66,0.06,0.12,0,0.789,0.416622002,43.4,18,23.2,72.71893947
284,RICE15,NO,0,non reburn,E,5.6,1,1,1,0.68,0.23,0,2.452,1,230,107.5,158.8,308.8893422
285,RICE16,NO,0,non reburn,E,4.8,0.501292186,0.98039216,0.99,0.19,0.18,0,1.981,0.952076923,758.5,307.5,388.5,683.278778
286,RICE17,NO,0,non reburn,E,5.2,1,1,0.99,0.75,0.22,0,2.244,1,287.7,128.2,176.6,404.6595188
287,RICE18,NO,0,non reburn,E,2.8,0.364554122,0.4375,1,0.19,0.06,0,1.6625,0.294675889,157.5,70.9,99.1,221.1810969
288,RICE19,NO,0,non reburn,E,0.65,0.278651904,0.63157895,0.9,0.16,0.07,0,1.036,0.18700115,436.2,204.5,304.3,468.5926337
289,RICE2,NO,0,non reburn,E,4.7,0.70072817,0.94520548,0.98,0.5,0.27,0,2.146,0.667177496,692.7,323.4,477.6,611.6953514
290,RICE20,NO,0,non reburn,E,0.5,0.158592849,0.41176471,1,0.16,0.04,0,1.029,0.188524838,131.3,61.4,91.1,197.5656795
291,RICE21,NO,0,non reburn,E,6,1,1,1,0.95,0.39,0,2.58,1,792.2,369.1,543.2,785.5872069
292,RICE3,NO,0,non reburn,E,5.9,1,1,1,0.89,0.45,0,2.916666667,1,920.1,432.7,647.1,785.1209155
293,RICE4,NO,0,non reburn,E,6,1,1,0.99,0.99,0.77,0.15,2.841,1,632.5,288.6,411.4,564.6267157
294,RICE5,NO,0,non reburn,E,2.3,0.170618595,0.44444444,0.82,0.08,0.24,0,1.16,0.716884147,539.4,254.1,381.8,305.5161248
295,RICE6,NO,0,non reburn,E,6,1,1,1,1,0.44,0,2.8325,1,849.8,399.7,598.5,833.3181488
296,RICE7,NO,0,non reburn,E,6,1,1,1,1,0.43,0,2.865,1,608.3,292.5,460.1,673.9404251
297,RICE8,NO,0,non reburn,E,0.84,0.382243232,0.54545455,0.98,0.18,0.23,0.1,1.915,0.013424545,258.6,121.4,181.1,252.91191
298,RICE9,NO,0,non reburn,E,2.45,0.419961661,0.77777778,0.96,0.29,0.13,0,1.54,0.070090685,504.1,240.6,371.7,340.8397795
299,RICEUNB1,NO,0,non reburn,E,0,0,0,0,0,0,0,0,0,-135.4,-60.9,-85,12.79150668
301,RICEUNB3,NO,0,non reburn,E,0,0,0,0,0,0,0,0,0,-124.3,-56.2,-79.1,-87.33571865
302,RICEUNB4,NO,0,non reburn,E,0,0,0,0,0,0,0,0,0,-38.7,-17.5,-24.6,-32.96900007
303,RICEUNB5,NO,0,non reburn,E,0,0,0,0,0,0,0,0,0,-74.7,-34,-48.2,-90.10748176
304,RICEUNB6,NO,0,non reburn,E,0,0,0,0,0,0,0,0,0,-193,-84.4,-113.8,-88.39973446
305,ROCK1,NO,0,non reburn,E,4.1,0.70119559,0.91071429,0.98,0.28,0.09,0.2,2.2,0.910113664,383.9,187,306.7,370.3306017
306,ROCK2,NO,0,non reburn,E,1.95,0,0,0.93,0.08,0.15,0,1.3,0.274730862,97.9,48,79.9,144.430865
307,ROCK3,NO,0,non reburn,E,3.53,0.024274068,0.2,1,0.48,0.13,0,1.9,0.60673279,28.6,10.2,12,254.7997121
308,ROCK4,NO,0,non reburn,E,3.67,0.295691589,0.5,0.99,0.41,0.08,0,1.6,0.701682543,197.2,83.3,109.1,404.4263183
309,ROCK5,NO,0,non reburn,E,5.19,1,1,1,0.6,0.23,0,2.5,0.804855435,242.7,106.3,144.3,534.7737655
310,ROCK6,NO,0,non reburn,E,3,0.131019467,0.62857143,0.91,0.12,0.14,0,1.2,0.249520442,469.8,204,278.1,560.7629257
311,ROCK7,NO,0,non reburn,E,3.39,0.182936053,0.72,1,0.34,0.16,0,1.8,0.643303868,406.6,190.8,284.4,521.2844027
312,ROCKUNB1,NO,0,non reburn,E,0,0,0,0,0,0,0,0,0,-63.8,-30.3,-46.8,-25.52858216
313,ROCKUNB2,NO,0,non reburn,E,0,0,0,0,0,0,0,0,0,-195.8,-79.6,-103.3,21.76664459
314,ROCKUNB3,NO,0,non reburn,E,0,0,0,0,0,0,0,0,0,-144.3,-64.5,-89.4,-23.60715406
315,ROCKUNB4,NO,0,non reburn,E,0,0,0,0,0,0,0,0,0,-123.6,-55.9,-78.6,-60.57711994
1,BERRYGLADE1,YES,1,SR,E,5.3,1,1,0.91,0.52,0.37,0,2,0.963394517,686,266.5,329.7,725.4216524
2,BERRYGLADE2,YES,1,SR,E,6.7,1,1,1,1,0.99,2.6,3,1,1142.8,511.5,709.1,1182.494451
3,BERRYGLADE3,YES,1,SR,E,6,1,1,1,1,0.81,0,2.7,1,1072.2,505.3,759.2,1098.619888
4,BERRYGLADE4,YES,1,SR,E,6,1,1,1,1,0.79,0.05,2.6,1,736.5,332.4,466.9,925.9513986
5,BERRYGLADE5,YES,1,SR,E,4.94,0.943438914,0.97297297,0.69,0.19,0.34,0,2.2,1,473.4,105.4,112.1,611.1033164
6,BERRYGLADE6,YES,1,SR,E,5.5,1,1,1,0.71,0.73,0.08,2.4,1,1079.1,407.6,494.9,1170.153369
8,BERRYGLADEUNB101,YES,1,SR,E,0,0,0,0,0,0,0,0,0,-33.1,-15.8,-24.6,54.84449486
9,BERRYGLADEUNB102,YES,1,SR,E,0,0,0,0,0,0,0,0,0,-181.5,-62,-72,-97.88278316
10,BERRYGLADEUNB103,YES,1,SR,E,0,0,0,0,0,0,0,0,0,-266.7,-62.6,-67.5,14.97544821
11,BERRYGLADEUNB104,YES,1,SR,E,0,0,0,0,0,0,0,0,0,-278.9,-83.7,-94.4,48.98648308
13,BERRYGLADEUNB2,YES,1,SR,E,0,0,0,0,0,0,0,0,0,-284.4,-79.1,-86.9,-32.4773891
14,BERRYGLADEUNB3,YES,1,SR,E,0,0,0,0,0,0,0,0,0,-45.7,-20.9,-29.8,-34.00561117
15,BERRYHUCK1,YES,1,SR,E,5.9,1,1,1,0.68,0.47,0,2.5,1,680.3,315.9,461.9,757.4453208
17,BERRYHUCK2,YES,1,SR,E,6,1,1,1,0.88,0.58,0,2.3,1,933.3,447.6,699.6,1006.708259
18,BERRYHUCK3,YES,1,SR,E,6,1,1,1,1,0.73,0,2.5,1,823.6,390.3,594.3,807.3418989
19,BERRYHUCK4,YES,1,SR,E,6,1,1,1,0.82,0.53,0,2.5,1,592.6,288.4,470.4,717.8479494
20,BERRYHUCK5,YES,1,SR,E,6,1,1,1,1,0.3,0,2.4,1,597.5,288.8,461.3,641.4477463
21,BERRYHUCK6,YES,1,SR,E,5.55,1,1,1,0.52,0.27,0,2.1,1,484,231.8,360.9,578.1022837
22,BERRYHUCK7,YES,1,SR,E,2.1,0.047429631,0.20555556,0.3,0.04,0.26,0,0.8,0.056678033,-41.9,-20.2,-32,32.5812234
23,BERRYHUCK8,YES,1,SR,E,2.25,0.283936246,0.51724138,0.88,0.14,0.17,0,1.7,0.417759973,68.2,32.3,49,143.1440483
24,BERRYHUCK9,YES,1,SR,E,1.58,0.537427782,0.56603774,0.62,0.15,0.11,0,1.4,0.681130907,117.9,53.7,76.1,176.9848891
25,BERRYHUCKUNB1,YES,1,SR,E,0,0,0,0,0,0,0,0,0,-53.9,-25.7,-39.5,0.485506398
26,BERRYHUCKUNB2,YES,1,SR,E,0,0,0,0,0,0,0,0,0,-114,-53.8,-81.2,-8.114891072
27,BERRYHUCKUNB3,YES,1,SR,E,0,0,0,0,0,0,0,0,0,-54.5,-25.5,-37.9,2.492543152
51,JONEREB1,YES,1,non SR,W,0.86,0.067083963,0.125,1,0.25,0.25,0,1.853,0.11872837,35.3,17.4,29.6,88.60457818
52,JONEREB2,YES,1,non SR,W,6.06,1,1,0.99,0.38,0.06,0,2.178,0.856746962,387.4,189.5,315.4,529.1824161
53,JONEREB3,YES,1,non SR,W,0,0,0,1,0.49,0.24,0.31,1.797,0.412717858,388,188.4,305.1,284.2767048
54,JONEREB4,YES,1,non SR,W,1.92,0.344490624,0.33333333,0.99,0.47,0.2,0.08,1.909,0.396734229,15.4,236.3,382.1,410.9885986
55,JONEREB5,YES,1,non SR,W,4.2,0.001057793,0.89473684,0.69,0.13,0.29,0.05,1.92625,0.141927082,166.9,81.5,134.4,94.68503365
56,JONEREB6,YES,1,non SR,W,0,0.003862001,0.09375,0.67,0.06,0.16,0,1.27625,0,158.8,78.4,135.8,147.0867446
57,JONEREB7,YES,1,non SR,W,0,0,0,0.93,0.06,0.13,0.13,1.267,0,-24.3,-12,-20.7,3.381571722
58,JONEREB8,YES,1,non SR,W,3.69,0.053001236,0.66666667,0.65,0.19,0.27,0.41,1.94625,0.363502585,134,65,104.9,163.4321695
59,JONEREB9,YES,1,SR,W,5.95,1,1,0.78,0.12,0.23,0.2,2.5425,0.926567069,114.2,55.4,89.7,147.0125394
60,JONEREBUNB1,YES,1,non SR,W,0,0,0,0,0,0,0,0,0,217.7,105.8,172.1,203.6156593
61,JONEREBUNB2,YES,1,non SR,W,0,0,0,0,0,0,0,0,0,-33.6,-16.5,-28.2,-26.18430725
69,LIBEREB1,YES,1,SR,E,6,1,1,1,0.97,0.63,0.06,2.87875,1,860,342.6,428.1,744.6874526
70,LIBEREB2,YES,1,non SR,E,5.63,1,1,0.87,0.72,0.44,0.31,2.45,1,646.4,295.3,423.5,634.2431738
71,LIBEREB3,YES,1,SR,E,6,1,1,0.64,0.56,0.42,0,2.09125,0.959223461,472,192.5,245,350.2718685
72,LIBEREB4,YES,1,non SR,E,5,0.409700261,0.88888889,0.97,0.62,0.47,0.2,2.514,0.947601962,725.9,262.2,310.5,693.2654688
98,MAPLE1,YES,1,SR,E,6,1,1,1,1,0.69,0,2.6,1,1047.4,512.8,855,1067.522393
99,MAPLE2,YES,1,SR,E,6.9,1,1,1,1,0.98,1.9,2.4,1,1168.2,568.5,927.6,1209.581288
100,MAPLE3,YES,1,SR,E,6.9,1,1,1,1,0.98,1.9,2.4,1,1233.5,599.7,977.4,1236.835279
101,MAPLE4,YES,1,SR,E,6,1,1,1,0.95,0.84,0.05,2.5,1,1090.1,530,862,1021.58188
102,MAPLE5,YES,1,SR,E,6.6,1,1,1,1,0.93,0.9,3,1,1073.8,496.1,719.3,1047.447333
103,MAPLE6,YES,1,SR,E,6,1,1,1,1,0.22,0,2.5,1,1128.1,541,845.7,1066.739187
104,MAPLEUNB1,YES,1,SR,E,0,0,0,0,0,0,0,0,0,10.5,4.6,6.2,23.82191093
105,MAPLEUNB2,YES,1,SR,E,0,0,0,0,0,0,0,0,0,-24.6,-10.9,-14.9,3.379523754
106,MAPLEUNB3,YES,1,SR,E,0,0,0,0,0,0,0,0,0,8.1,3.8,5.9,29.99425044
107,MAPLEUNB4,YES,1,SR,E,0,0,0,0,0,0,0,0,0,-14.9,-6.9,-9.5,98.26089501
168,MILLREB1,YES,1,SR,E,6.9,1,1,1,0.95,0.08,0,2.98125,1,766.1,363.3,553.3,749.2977789
169,MILLREB10,YES,1,non SR,E,4.93,1,1,1,0.69,0.12,0.64,2.583,0.996956859,432.4,183.8,242.8,482.4095594
170,MILLREB11,YES,1,non SR,E,0,0.006181697,0.04444444,0.92,0.14,0.07,0,0.635,0,-79.9,-36.5,-52.2,-12.84556513
171,MILLREB12,YES,1,non SR,E,6,1,1,1,0.9,0.14,0,2.46,1,498.7,242.3,393.6,513.492519
172,MILLREB13,YES,1,non SR,E,6,1,1,1,0.75,0.11,0.33,2.84,1,779.4,349.7,486.2,756.7316601
173,MILLREB14,YES,1,non SR,E,3.75,0.004840594,0.625,1,0.58,0.12,0.38,1.908333333,0.447230082,598.1,286.6,446.8,581.4150523
174,MILLREB15,YES,1,non SR,E,2.41,0.014204827,0.79545455,0.71,0.11,0.25,0,1.55,0.403519945,237.2,103.8,140.3,244.3257939
175,MILLREB2,YES,1,non SR,E,2.6,0.338019591,0.46428571,0.8,0.24,0.02,0,1.44125,0.246508071,550.1,270.3,457.7,490.4267392
176,MILLREB3,YES,1,non SR,E,2.3,0.066188037,0.28571429,0.95,0.27,0.04,0,1.3775,0.425753001,454.6,213.5,318.7,400.6666087
177,MILLREB4,YES,1,non SR,E,5.9,1,1,1,0.86,0.06,0,2.765,0.996987733,1008.1,483.7,757,988.8342269
178,MILLREB5,YES,1,non SR,E,4.35,1,1,1,0.29,0.07,0.05,2.645,0.982966288,648.4,313.1,499,677.4535223
179,MILLREB6,YES,1,non SR,E,1.33,0.105775754,0.47368421,0.62,0.08,0.01,0,0.304,0.408204918,125.1,29,30.5,173.7789267
180,MILLREB7,YES,1,non SR,E,2.95,0.460214539,0.7826087,0.86,0.22,0.06,0,1.803,0.188658176,151.8,73.3,117.8,162.3916596
181,MILLREB8,YES,1,non SR,E,6.3,1,1,1,0.91,0.18,0,2.95,1,925.5,296.9,354.8,855.0688163
182,MILLREB9,YES,1,non SR,E,0.3,0.092458093,0.57692308,0.7,0.1,0.05,0,1.2375,0,24.1,11.3,16.7,36.01483394
183,MILLREBUNB1,YES,1,non SR,E,0,0,0,0,0,0,0,0,0,-21.4,-9.9,-14.3,16.39384302
185,MILLREBUNB3,YES,1,non SR,E,0,0,0,0,0,0,0,0,0,-88.7,-35,-42.6,-72.93442108
186,MILLREBUNB4,YES,1,non SR,E,0,0,0,0,0,0,0,0,0,-25.1,-12,-18.6,-16.82547656
187,MILLREBUNB5,YES,1,non SR,E,0,0,0,0,0,0,0,0,0,23.1,11,16.6,-63.14406986
188,MILLREBUNB6,YES,1,non SR,E,0,0,0,0,0,0,0,0,0,-117.7,-50,-65.8,-84.0570708
242,PION9,YES,1,non reburn,E,5.55,1,1,0.83,0.57,0.49,0.2,2,0.908576523,368.3,161.9,220.5,605.74307
258,RAIL9,YES,1,non reburn,E,1.68,0.005127619,0.0952381,0.99,0.12,0.18,0,1.3,0.033170181,136.4,52.6,65.4,108.7607203
259,RAILREB1,YES,1,SR,E,3.12,0.207998004,0.1875,0.76,0.26,0.09,0.06,1.1,0.535913999,139.1,56.3,71.1,-4.748851189
260,RAILREB2,YES,1,SR,E,2.05,0.072173182,0.08333333,0.62,0.14,0.07,0,0.8,0.22583011,96.3,40.6,52.8,-9.674155392
261,RAILREB3,YES,1,SR,E,5.2,1,1,0.98,0.59,0.24,0,1.8,1,397.4,165.4,213.8,329.8254591
262,RAILREB4,YES,1,SR,E,1.81,0,0,0.64,0.17,0.06,0.06,1,0.409621936,255,110.4,148.3,94.14326236
263,RAILREB5,YES,1,SR,E,2.75,0.288794597,0.4,0.93,0.35,0.1,0,1.6,0.753945211,358.3,175.1,289.9,195.2995869
264,RAILREBUNB1,YES,1,non SR,E,0,0,0,0,0,0,0,0,0,64.1,28.2,38.3,-45.96628806
62,JONEUNB1,,1,SR,W,,,,,,,,,,,,,
243,PIONREBUNB1,,1,SR,E,,,,,,,,,,,,,